{
    "total_runtime": 331.81268310546875,
    "num_documents": 3,
    "input_load_time": 0,
    "workflows": {
        "create_base_text_units": {
            "overall": 0.3153223991394043,
            "0_orderby": 0.0,
            "1_zip": 0.0,
            "2_aggregate_override": 0.01759481430053711,
            "3_chunk": 0.23514318466186523,
            "4_select": 0.0039293766021728516,
            "5_unroll": 0.013417720794677734,
            "6_rename": 0.004001617431640625,
            "7_genid": 0.012769937515258789,
            "8_unzip": 0.004999637603759766,
            "9_copy": 0.0037500858306884766,
            "10_filter": 0.01971602439880371
        },
        "create_base_extracted_entities": {
            "overall": 235.03225183486938,
            "0_entity_extract": 234.86457586288452,
            "1_merge_graphs": 0.1545252799987793
        },
        "create_summarized_entities": {
            "overall": 23.7867488861084,
            "0_summarize_descriptions": 23.77418065071106
        },
        "create_base_entity_graph": {
            "overall": 0.4422144889831543,
            "0_cluster_graph": 0.4175846576690674,
            "1_select": 0.015581846237182617
        },
        "create_final_entities": {
            "overall": 8.364246606826782,
            "0_unpack_graph": 0.16533589363098145,
            "1_rename": 0.018080949783325195,
            "2_select": 0.015034198760986328,
            "3_dedupe": 0.01685023307800293,
            "4_rename": 0.02277231216430664,
            "5_filter": 0.04793262481689453,
            "6_text_split": 0.026232481002807617,
            "7_drop": 0.01572704315185547,
            "8_merge": 0.12676334381103516,
            "9_text_embed": 7.825428485870361,
            "10_drop": 0.024069547653198242,
            "11_filter": 0.051962852478027344
        },
        "create_final_nodes": {
            "overall": 1.7971618175506592,
            "0_layout_graph": 0.7069129943847656,
            "1_unpack_graph": 0.5820903778076172,
            "2_unpack_graph": 0.20618081092834473,
            "3_filter": 0.07325363159179688,
            "4_drop": 0.02514195442199707,
            "5_select": 0.025891780853271484,
            "6_rename": 0.015506982803344727,
            "7_convert": 0.09147953987121582,
            "8_join": 0.04374527931213379,
            "9_rename": 0.011728048324584961
        },
        "create_final_communities": {
            "overall": 0.4808981418609619,
            "0_create_final_communities": 0.4531393051147461
        },
        "create_final_relationships": {
            "overall": 0.2945683002471924,
            "0_create_final_relationships_pre_embedding": 0.22504234313964844,
            "1_create_final_relationships_post_embedding": 0.049108266830444336
        },
        "create_final_text_units": {
            "overall": 0.09927964210510254,
            "0_create_final_text_units_pre_embedding": 0.05147886276245117,
            "1_select": 0.026713848114013672
        },
        "create_final_community_reports": {
            "overall": 55.94071412086487,
            "0_prepare_community_reports_nodes": 0.057773590087890625,
            "1_prepare_community_reports_edges": 0.03633546829223633,
            "2_restore_community_hierarchy": 0.03215432167053223,
            "3_prepare_community_reports": 0.4888134002685547,
            "4_create_community_reports": 55.28418231010437,
            "5_window": 0.027726173400878906
        },
        "create_base_documents": {
            "overall": 0.41457629203796387,
            "0_unroll": 0.016847848892211914,
            "1_select": 0.038335323333740234,
            "2_rename": 0.03472399711608887,
            "3_join": 0.03965115547180176,
            "4_aggregate_override": 0.032726287841796875,
            "5_join": 0.05788588523864746,
            "6_rename": 0.024130821228027344,
            "7_convert": 0.1404895782470703
        },
        "create_final_documents": {
            "overall": 0.05689191818237305,
            "0_rename": 0.0328829288482666
        }
    }
}